NAMEUSER0;1917
NAMEUSER1;1918
NAMEUSER2;1919
NAMEUSER3;1920
NAMEUSER4;1921
NAMEUSER5;1922
NAMEUSER6;1923
NAMEUSER7;1924
NAMEUSER8;1925
NAMEUSER9;1926
NAMEUSER10;1927
NAMEUSER11;1928
NAMEUSER12;1929
NAMEUSER13;1930
NAMEUSER14;1931
NAMEUSER15;1932
NAMEUSER16;1933
NAMEUSER17;1934
NAMEUSER18;1935
NAMEUSER19;1936
NAMEUSER20;1937
NAMEUSER21;1938
NAMEUSER22;1939
NAMEUSER23;1940
NAMEUSER24;1941
NAMEUSER25;1942
NAMEUSER26;1943
NAMEUSER27;1944
NAMEUSER28;1945
NAMEUSER29;1946
NAMEUSER30;1947
NAMEUSER31;1948
NAMEUSER32;1949
NAMEUSER33;1950
NAMEUSER34;1951
NAMEUSER35;1952
NAMEUSER36;1953
NAMEUSER37;1954
NAMEUSER38;1955
NAMEUSER39;1956
NAMEUSER40;1957
NAMEUSER41;1958
NAMEUSER42;1959
NAMEUSER43;1960
NAMEUSER44;1961
NAMEUSER45;1962
NAMEUSER46;1963
NAMEUSER47;1964
NAMEUSER48;1965
NAMEUSER49;1966
NAMEUSER50;1967
NAMEUSER51;1968
NAMEUSER52;1969
NAMEUSER53;1970
NAMEUSER54;1971
NAMEUSER55;1972
NAMEUSER56;1973
NAMEUSER57;1974
NAMEUSER58;1975
NAMEUSER59;1976
NAMEUSER60;1977
NAMEUSER61;1978
NAMEUSER62;1979
NAMEUSER63;1980
NAMEUSER64;1981
NAMEUSER65;1982
NAMEUSER66;1983
NAMEUSER67;1984
NAMEUSER68;1985
NAMEUSER69;1986
NAMEUSER70;1987
NAMEUSER71;1988
NAMEUSER72;1989
NAMEUSER73;1990
NAMEUSER74;1991
NAMEUSER75;1992
NAMEUSER76;1993
NAMEUSER77;1994
NAMEUSER78;1995
NAMEUSER79;1996
NAMEUSER80;1997
NAMEUSER81;1998
NAMEUSER82;1999
NAMEUSER83;2000
NAMEUSER84;2001
NAMEUSER85;2002
NAMEUSER86;2003
NAMEUSER87;2004
NAMEUSER88;2005
NAMEUSER89;2006
NAMEUSER90;2007
NAMEUSER91;2008
NAMEUSER92;2009
NAMEUSER93;2010
NAMEUSER94;2011
NAMEUSER95;2012
NAMEUSER96;2013
NAMEUSER97;2014
NAMEUSER98;2015
NAMEUSER99;2016
NAMEUSER100;1917
NAMEUSER101;1918
NAMEUSER102;1919
NAMEUSER103;1920
NAMEUSER104;1921
NAMEUSER105;1922
NAMEUSER106;1923
NAMEUSER107;1924
NAMEUSER108;1925
NAMEUSER109;1926
NAMEUSER110;1927
NAMEUSER111;1928
NAMEUSER112;1929
NAMEUSER113;1930
NAMEUSER114;1931
NAMEUSER115;1932
NAMEUSER116;1933
NAMEUSER117;1934
NAMEUSER118;1935
NAMEUSER119;1936
NAMEUSER120;1937
NAMEUSER121;1938
NAMEUSER122;1939
NAMEUSER123;1940
NAMEUSER124;1941
NAMEUSER125;1942
NAMEUSER126;1943
NAMEUSER127;1944
NAMEUSER128;1945
NAMEUSER129;1946
NAMEUSER130;1947
NAMEUSER131;1948
NAMEUSER132;1949
NAMEUSER133;1950
NAMEUSER134;1951
NAMEUSER135;1952
NAMEUSER136;1953
NAMEUSER137;1954
NAMEUSER138;1955
NAMEUSER139;1956
NAMEUSER140;1957
NAMEUSER141;1958
NAMEUSER142;1959
NAMEUSER143;1960
NAMEUSER144;1961
NAMEUSER145;1962
NAMEUSER146;1963
NAMEUSER147;1964
NAMEUSER148;1965
NAMEUSER149;1966
NAMEUSER150;1967
NAMEUSER151;1968
NAMEUSER152;1969
NAMEUSER153;1970
NAMEUSER154;1971
NAMEUSER155;1972
NAMEUSER156;1973
NAMEUSER157;1974
NAMEUSER158;1975
NAMEUSER159;1976
NAMEUSER160;1977
NAMEUSER161;1978
NAMEUSER162;1979
NAMEUSER163;1980
NAMEUSER164;1981
NAMEUSER165;1982
NAMEUSER166;1983
NAMEUSER167;1984
NAMEUSER168;1985
NAMEUSER169;1986
NAMEUSER170;1987
NAMEUSER171;1988
NAMEUSER172;1989
NAMEUSER173;1990
NAMEUSER174;1991
NAMEUSER175;1992
NAMEUSER176;1993
NAMEUSER177;1994
NAMEUSER178;1995
NAMEUSER179;1996
NAMEUSER180;1997
NAMEUSER181;1998
NAMEUSER182;1999
NAMEUSER183;2000
NAMEUSER184;2001
NAMEUSER185;2002
NAMEUSER186;2003
NAMEUSER187;2004
NAMEUSER188;2005
NAMEUSER189;2006
NAMEUSER190;2007
NAMEUSER191;2008
NAMEUSER192;2009
NAMEUSER193;2010
NAMEUSER194;2011
NAMEUSER195;2012
NAMEUSER196;2013
NAMEUSER197;2014
NAMEUSER198;2015
NAMEUSER199;2016
NAMEUSER200;1917
NAMEUSER201;1918
NAMEUSER202;1919
NAMEUSER203;1920
NAMEUSER204;1921
NAMEUSER205;1922
NAMEUSER206;1923
NAMEUSER207;1924
NAMEUSER208;1925
NAMEUSER209;1926
NAMEUSER210;1927
NAMEUSER211;1928
NAMEUSER212;1929
NAMEUSER213;1930
NAMEUSER214;1931
NAMEUSER215;1932
NAMEUSER216;1933
NAMEUSER217;1934
NAMEUSER218;1935
NAMEUSER219;1936
NAMEUSER220;1937
NAMEUSER221;1938
NAMEUSER222;1939
NAMEUSER223;1940
NAMEUSER224;1941
NAMEUSER225;1942
NAMEUSER226;1943
NAMEUSER227;1944
NAMEUSER228;1945
NAMEUSER229;1946
NAMEUSER230;1947
NAMEUSER231;1948
NAMEUSER232;1949
NAMEUSER233;1950
NAMEUSER234;1951
NAMEUSER235;1952
NAMEUSER236;1953
NAMEUSER237;1954
NAMEUSER238;1955
NAMEUSER239;1956
NAMEUSER240;1957
NAMEUSER241;1958
NAMEUSER242;1959
NAMEUSER243;1960
NAMEUSER244;1961
NAMEUSER245;1962
NAMEUSER246;1963
NAMEUSER247;1964
NAMEUSER248;1965
NAMEUSER249;1966
NAMEUSER250;1967
NAMEUSER251;1968
NAMEUSER252;1969
NAMEUSER253;1970
NAMEUSER254;1971
NAMEUSER255;1972
NAMEUSER256;1973
NAMEUSER257;1974
NAMEUSER258;1975
NAMEUSER259;1976
NAMEUSER260;1977
NAMEUSER261;1978
NAMEUSER262;1979
NAMEUSER263;1980
NAMEUSER264;1981
NAMEUSER265;1982
NAMEUSER266;1983
NAMEUSER267;1984
NAMEUSER268;1985
NAMEUSER269;1986
NAMEUSER270;1987
NAMEUSER271;1988
NAMEUSER272;1989
NAMEUSER273;1990
NAMEUSER274;1991
NAMEUSER275;1992
NAMEUSER276;1993
NAMEUSER277;1994
NAMEUSER278;1995
NAMEUSER279;1996
NAMEUSER280;1997
NAMEUSER281;1998
NAMEUSER282;1999
NAMEUSER283;2000
NAMEUSER284;2001
NAMEUSER285;2002
NAMEUSER286;2003
NAMEUSER287;2004
NAMEUSER288;2005
NAMEUSER289;2006
NAMEUSER290;2007
NAMEUSER291;2008
NAMEUSER292;2009
NAMEUSER293;2010
NAMEUSER294;2011
NAMEUSER295;2012
NAMEUSER296;2013
NAMEUSER297;2014
NAMEUSER298;2015
NAMEUSER299;2016
NAMEUSER300;1917
NAMEUSER301;1918
NAMEUSER302;1919
NAMEUSER303;1920
NAMEUSER304;1921
NAMEUSER305;1922
NAMEUSER306;1923
NAMEUSER307;1924
NAMEUSER308;1925
NAMEUSER309;1926
NAMEUSER310;1927
NAMEUSER311;1928
NAMEUSER312;1929
NAMEUSER313;1930
NAMEUSER314;1931
NAMEUSER315;1932
NAMEUSER316;1933
NAMEUSER317;1934
NAMEUSER318;1935
NAMEUSER319;1936
NAMEUSER320;1937
NAMEUSER321;1938
NAMEUSER322;1939
NAMEUSER323;1940
NAMEUSER324;1941
NAMEUSER325;1942
NAMEUSER326;1943
NAMEUSER327;1944
NAMEUSER328;1945
NAMEUSER329;1946
NAMEUSER330;1947
NAMEUSER331;1948
NAMEUSER332;1949
NAMEUSER333;1950
NAMEUSER334;1951
NAMEUSER335;1952
NAMEUSER336;1953
NAMEUSER337;1954
NAMEUSER338;1955
NAMEUSER339;1956
NAMEUSER340;1957
NAMEUSER341;1958
NAMEUSER342;1959
NAMEUSER343;1960
NAMEUSER344;1961
NAMEUSER345;1962
NAMEUSER346;1963
NAMEUSER347;1964
NAMEUSER348;1965
NAMEUSER349;1966
NAMEUSER350;1967
NAMEUSER351;1968
NAMEUSER352;1969
NAMEUSER353;1970
NAMEUSER354;1971
NAMEUSER355;1972
NAMEUSER356;1973
NAMEUSER357;1974
NAMEUSER358;1975
NAMEUSER359;1976
NAMEUSER360;1977
NAMEUSER361;1978
NAMEUSER362;1979
NAMEUSER363;1980
NAMEUSER364;1981
NAMEUSER365;1982
NAMEUSER366;1983
NAMEUSER367;1984
NAMEUSER368;1985
NAMEUSER369;1986
NAMEUSER370;1987
NAMEUSER371;1988
NAMEUSER372;1989
NAMEUSER373;1990
NAMEUSER374;1991
NAMEUSER375;1992
NAMEUSER376;1993
NAMEUSER377;1994
NAMEUSER378;1995
NAMEUSER379;1996
NAMEUSER380;1997
NAMEUSER381;1998
NAMEUSER382;1999
NAMEUSER383;2000
NAMEUSER384;2001
NAMEUSER385;2002
NAMEUSER386;2003
NAMEUSER387;2004
NAMEUSER388;2005
NAMEUSER389;2006
NAMEUSER390;2007
NAMEUSER391;2008
NAMEUSER392;2009
NAMEUSER393;2010
NAMEUSER394;2011
NAMEUSER395;2012
NAMEUSER396;2013
NAMEUSER397;2014
NAMEUSER398;2015
NAMEUSER399;2016
NAMEUSER400;1917
NAMEUSER401;1918
NAMEUSER402;1919
NAMEUSER403;1920
NAMEUSER404;1921
NAMEUSER405;1922
NAMEUSER406;1923
NAMEUSER407;1924
NAMEUSER408;1925
NAMEUSER409;1926
NAMEUSER410;1927
NAMEUSER411;1928
NAMEUSER412;1929
NAMEUSER413;1930
NAMEUSER414;1931
NAMEUSER415;1932
NAMEUSER416;1933
NAMEUSER417;1934
NAMEUSER418;1935
NAMEUSER419;1936
NAMEUSER420;1937
NAMEUSER421;1938
NAMEUSER422;1939
NAMEUSER423;1940
NAMEUSER424;1941
NAMEUSER425;1942
NAMEUSER426;1943
NAMEUSER427;1944
NAMEUSER428;1945
NAMEUSER429;1946
NAMEUSER430;1947
NAMEUSER431;1948
NAMEUSER432;1949
NAMEUSER433;1950
NAMEUSER434;1951
NAMEUSER435;1952
NAMEUSER436;1953
NAMEUSER437;1954
NAMEUSER438;1955
NAMEUSER439;1956
NAMEUSER440;1957
NAMEUSER441;1958
NAMEUSER442;1959
NAMEUSER443;1960
NAMEUSER444;1961
NAMEUSER445;1962
NAMEUSER446;1963
NAMEUSER447;1964
NAMEUSER448;1965
NAMEUSER449;1966
NAMEUSER450;1967
NAMEUSER451;1968
NAMEUSER452;1969
NAMEUSER453;1970
NAMEUSER454;1971
NAMEUSER455;1972
NAMEUSER456;1973
NAMEUSER457;1974
NAMEUSER458;1975
NAMEUSER459;1976
NAMEUSER460;1977
NAMEUSER461;1978
NAMEUSER462;1979
NAMEUSER463;1980
NAMEUSER464;1981
NAMEUSER465;1982
NAMEUSER466;1983
NAMEUSER467;1984
NAMEUSER468;1985
NAMEUSER469;1986
NAMEUSER470;1987
NAMEUSER471;1988
NAMEUSER472;1989
NAMEUSER473;1990
NAMEUSER474;1991
NAMEUSER475;1992
NAMEUSER476;1993
NAMEUSER477;1994
NAMEUSER478;1995
NAMEUSER479;1996
NAMEUSER480;1997
NAMEUSER481;1998
NAMEUSER482;1999
NAMEUSER483;2000
NAMEUSER484;2001
NAMEUSER485;2002
NAMEUSER486;2003
NAMEUSER487;2004
NAMEUSER488;2005
NAMEUSER489;2006
NAMEUSER490;2007
NAMEUSER491;2008
NAMEUSER492;2009
NAMEUSER493;2010
NAMEUSER494;2011
NAMEUSER495;2012
NAMEUSER496;2013
NAMEUSER497;2014
NAMEUSER498;2015
NAMEUSER499;2016
NAMEUSER500;1917
NAMEUSER501;1918
NAMEUSER502;1919
NAMEUSER503;1920
NAMEUSER504;1921
NAMEUSER505;1922
NAMEUSER506;1923
NAMEUSER507;1924
NAMEUSER508;1925
NAMEUSER509;1926
NAMEUSER510;1927
NAMEUSER511;1928
NAMEUSER512;1929
NAMEUSER513;1930
NAMEUSER514;1931
NAMEUSER515;1932
NAMEUSER516;1933
NAMEUSER517;1934
NAMEUSER518;1935
NAMEUSER519;1936
NAMEUSER520;1937
NAMEUSER521;1938
NAMEUSER522;1939
NAMEUSER523;1940
NAMEUSER524;1941
NAMEUSER525;1942
NAMEUSER526;1943
NAMEUSER527;1944
NAMEUSER528;1945
NAMEUSER529;1946
NAMEUSER530;1947
NAMEUSER531;1948
NAMEUSER532;1949
NAMEUSER533;1950
NAMEUSER534;1951
NAMEUSER535;1952
NAMEUSER536;1953
NAMEUSER537;1954
NAMEUSER538;1955
NAMEUSER539;1956
NAMEUSER540;1957
NAMEUSER541;1958
NAMEUSER542;1959
NAMEUSER543;1960
NAMEUSER544;1961
NAMEUSER545;1962
NAMEUSER546;1963
NAMEUSER547;1964
NAMEUSER548;1965
NAMEUSER549;1966
NAMEUSER550;1967
NAMEUSER551;1968
NAMEUSER552;1969
NAMEUSER553;1970
NAMEUSER554;1971
NAMEUSER555;1972
NAMEUSER556;1973
NAMEUSER557;1974
NAMEUSER558;1975
NAMEUSER559;1976
NAMEUSER560;1977
NAMEUSER561;1978
NAMEUSER562;1979
NAMEUSER563;1980
NAMEUSER564;1981
NAMEUSER565;1982
NAMEUSER566;1983
NAMEUSER567;1984
NAMEUSER568;1985
NAMEUSER569;1986
NAMEUSER570;1987
NAMEUSER571;1988
NAMEUSER572;1989
NAMEUSER573;1990
NAMEUSER574;1991
NAMEUSER575;1992
NAMEUSER576;1993
NAMEUSER577;1994
NAMEUSER578;1995
NAMEUSER579;1996
NAMEUSER580;1997
NAMEUSER581;1998
NAMEUSER582;1999
NAMEUSER583;2000
NAMEUSER584;2001
NAMEUSER585;2002
NAMEUSER586;2003
NAMEUSER587;2004
NAMEUSER588;2005
NAMEUSER589;2006
NAMEUSER590;2007
NAMEUSER591;2008
NAMEUSER592;2009
NAMEUSER593;2010
NAMEUSER594;2011
NAMEUSER595;2012
NAMEUSER596;2013
NAMEUSER597;2014
NAMEUSER598;2015
NAMEUSER599;2016
NAMEUSER600;1917
NAMEUSER601;1918
NAMEUSER602;1919
NAMEUSER603;1920
NAMEUSER604;1921
NAMEUSER605;1922
NAMEUSER606;1923
NAMEUSER607;1924
NAMEUSER608;1925
NAMEUSER609;1926
NAMEUSER610;1927
NAMEUSER611;1928
NAMEUSER612;1929
NAMEUSER613;1930
NAMEUSER614;1931
NAMEUSER615;1932
NAMEUSER616;1933
NAMEUSER617;1934
NAMEUSER618;1935
NAMEUSER619;1936
NAMEUSER620;1937
NAMEUSER621;1938
NAMEUSER622;1939
NAMEUSER623;1940
NAMEUSER624;1941
NAMEUSER625;1942
NAMEUSER626;1943
NAMEUSER627;1944
NAMEUSER628;1945
NAMEUSER629;1946
NAMEUSER630;1947
NAMEUSER631;1948
NAMEUSER632;1949
NAMEUSER633;1950
NAMEUSER634;1951
NAMEUSER635;1952
NAMEUSER636;1953
NAMEUSER637;1954
NAMEUSER638;1955
NAMEUSER639;1956
NAMEUSER640;1957
NAMEUSER641;1958
NAMEUSER642;1959
NAMEUSER643;1960
NAMEUSER644;1961
NAMEUSER645;1962
NAMEUSER646;1963
NAMEUSER647;1964
NAMEUSER648;1965
NAMEUSER649;1966
NAMEUSER650;1967
NAMEUSER651;1968
NAMEUSER652;1969
NAMEUSER653;1970
NAMEUSER654;1971
NAMEUSER655;1972
NAMEUSER656;1973
NAMEUSER657;1974
NAMEUSER658;1975
NAMEUSER659;1976
NAMEUSER660;1977
NAMEUSER661;1978
NAMEUSER662;1979
NAMEUSER663;1980
NAMEUSER664;1981
NAMEUSER665;1982
NAMEUSER666;1983
NAMEUSER667;1984
NAMEUSER668;1985
NAMEUSER669;1986
NAMEUSER670;1987
NAMEUSER671;1988
NAMEUSER672;1989
NAMEUSER673;1990
NAMEUSER674;1991
NAMEUSER675;1992
NAMEUSER676;1993
NAMEUSER677;1994
NAMEUSER678;1995
NAMEUSER679;1996
NAMEUSER680;1997
NAMEUSER681;1998
NAMEUSER682;1999
NAMEUSER683;2000
NAMEUSER684;2001
NAMEUSER685;2002
NAMEUSER686;2003
NAMEUSER687;2004
NAMEUSER688;2005
NAMEUSER689;2006
NAMEUSER690;2007
NAMEUSER691;2008
NAMEUSER692;2009
NAMEUSER693;2010
NAMEUSER694;2011
NAMEUSER695;2012
NAMEUSER696;2013
NAMEUSER697;2014
NAMEUSER698;2015
NAMEUSER699;2016
NAMEUSER700;1917
NAMEUSER701;1918
NAMEUSER702;1919
NAMEUSER703;1920
NAMEUSER704;1921
NAMEUSER705;1922
NAMEUSER706;1923
NAMEUSER707;1924
NAMEUSER708;1925
NAMEUSER709;1926
NAMEUSER710;1927
NAMEUSER711;1928
NAMEUSER712;1929
NAMEUSER713;1930
NAMEUSER714;1931
NAMEUSER715;1932
NAMEUSER716;1933
NAMEUSER717;1934
NAMEUSER718;1935
NAMEUSER719;1936
NAMEUSER720;1937
NAMEUSER721;1938
NAMEUSER722;1939
NAMEUSER723;1940
NAMEUSER724;1941
NAMEUSER725;1942
NAMEUSER726;1943
NAMEUSER727;1944
NAMEUSER728;1945
NAMEUSER729;1946
NAMEUSER730;1947
NAMEUSER731;1948
NAMEUSER732;1949
NAMEUSER733;1950
NAMEUSER734;1951
NAMEUSER735;1952
NAMEUSER736;1953
NAMEUSER737;1954
NAMEUSER738;1955
NAMEUSER739;1956
NAMEUSER740;1957
NAMEUSER741;1958
NAMEUSER742;1959
NAMEUSER743;1960
NAMEUSER744;1961
NAMEUSER745;1962
NAMEUSER746;1963
NAMEUSER747;1964
NAMEUSER748;1965
NAMEUSER749;1966
NAMEUSER750;1967
NAMEUSER751;1968
NAMEUSER752;1969
NAMEUSER753;1970
NAMEUSER754;1971
NAMEUSER755;1972
NAMEUSER756;1973
NAMEUSER757;1974
NAMEUSER758;1975
NAMEUSER759;1976
NAMEUSER760;1977
NAMEUSER761;1978
NAMEUSER762;1979
NAMEUSER763;1980
NAMEUSER764;1981
NAMEUSER765;1982
NAMEUSER766;1983
NAMEUSER767;1984
NAMEUSER768;1985
NAMEUSER769;1986
NAMEUSER770;1987
NAMEUSER771;1988
NAMEUSER772;1989
NAMEUSER773;1990
NAMEUSER774;1991
NAMEUSER775;1992
NAMEUSER776;1993
NAMEUSER777;1994
NAMEUSER778;1995
NAMEUSER779;1996
NAMEUSER780;1997
NAMEUSER781;1998
NAMEUSER782;1999
NAMEUSER783;2000
NAMEUSER784;2001
NAMEUSER785;2002
NAMEUSER786;2003
NAMEUSER787;2004
NAMEUSER788;2005
NAMEUSER789;2006
NAMEUSER790;2007
NAMEUSER791;2008
NAMEUSER792;2009
NAMEUSER793;2010
NAMEUSER794;2011
NAMEUSER795;2012
NAMEUSER796;2013
NAMEUSER797;2014
NAMEUSER798;2015
NAMEUSER799;2016
NAMEUSER800;1917
NAMEUSER801;1918
NAMEUSER802;1919
NAMEUSER803;1920
NAMEUSER804;1921
NAMEUSER805;1922
NAMEUSER806;1923
NAMEUSER807;1924
NAMEUSER808;1925
NAMEUSER809;1926
NAMEUSER810;1927
NAMEUSER811;1928
NAMEUSER812;1929
NAMEUSER813;1930
NAMEUSER814;1931
NAMEUSER815;1932
NAMEUSER816;1933
NAMEUSER817;1934
NAMEUSER818;1935
NAMEUSER819;1936
NAMEUSER820;1937
NAMEUSER821;1938
NAMEUSER822;1939
NAMEUSER823;1940
NAMEUSER824;1941
NAMEUSER825;1942
NAMEUSER826;1943
NAMEUSER827;1944
NAMEUSER828;1945
NAMEUSER829;1946
NAMEUSER830;1947
NAMEUSER831;1948
NAMEUSER832;1949
NAMEUSER833;1950
NAMEUSER834;1951
NAMEUSER835;1952
NAMEUSER836;1953
NAMEUSER837;1954
NAMEUSER838;1955
NAMEUSER839;1956
NAMEUSER840;1957
NAMEUSER841;1958
NAMEUSER842;1959
NAMEUSER843;1960
NAMEUSER844;1961
NAMEUSER845;1962
NAMEUSER846;1963
NAMEUSER847;1964
NAMEUSER848;1965
NAMEUSER849;1966
NAMEUSER850;1967
NAMEUSER851;1968
NAMEUSER852;1969
NAMEUSER853;1970
NAMEUSER854;1971
NAMEUSER855;1972
NAMEUSER856;1973
NAMEUSER857;1974
NAMEUSER858;1975
NAMEUSER859;1976
NAMEUSER860;1977
NAMEUSER861;1978
NAMEUSER862;1979
NAMEUSER863;1980
NAMEUSER864;1981
NAMEUSER865;1982
NAMEUSER866;1983
NAMEUSER867;1984
NAMEUSER868;1985
NAMEUSER869;1986
NAMEUSER870;1987
NAMEUSER871;1988
NAMEUSER872;1989
NAMEUSER873;1990
NAMEUSER874;1991
NAMEUSER875;1992
NAMEUSER876;1993
NAMEUSER877;1994
NAMEUSER878;1995
NAMEUSER879;1996
NAMEUSER880;1997
NAMEUSER881;1998
NAMEUSER882;1999
NAMEUSER883;2000
NAMEUSER884;2001
NAMEUSER885;2002
NAMEUSER886;2003
NAMEUSER887;2004
NAMEUSER888;2005
NAMEUSER889;2006
NAMEUSER890;2007
NAMEUSER891;2008
NAMEUSER892;2009
NAMEUSER893;2010
NAMEUSER894;2011
NAMEUSER895;2012
NAMEUSER896;2013
NAMEUSER897;2014
NAMEUSER898;2015
NAMEUSER899;2016
NAMEUSER900;1917
NAMEUSER901;1918
NAMEUSER902;1919
NAMEUSER903;1920
NAMEUSER904;1921
NAMEUSER905;1922
NAMEUSER906;1923
NAMEUSER907;1924
NAMEUSER908;1925
NAMEUSER909;1926
NAMEUSER910;1927
NAMEUSER911;1928
NAMEUSER912;1929
NAMEUSER913;1930
NAMEUSER914;1931
NAMEUSER915;1932
NAMEUSER916;1933
NAMEUSER917;1934
NAMEUSER918;1935
NAMEUSER919;1936
NAMEUSER920;1937
NAMEUSER921;1938
NAMEUSER922;1939
NAMEUSER923;1940
NAMEUSER924;1941
NAMEUSER925;1942
NAMEUSER926;1943
NAMEUSER927;1944
NAMEUSER928;1945
NAMEUSER929;1946
NAMEUSER930;1947
NAMEUSER931;1948
NAMEUSER932;1949
NAMEUSER933;1950
NAMEUSER934;1951
NAMEUSER935;1952
NAMEUSER936;1953
NAMEUSER937;1954
NAMEUSER938;1955
NAMEUSER939;1956
NAMEUSER940;1957
NAMEUSER941;1958
NAMEUSER942;1959
NAMEUSER943;1960
NAMEUSER944;1961
NAMEUSER945;1962
NAMEUSER946;1963
NAMEUSER947;1964
NAMEUSER948;1965
NAMEUSER949;1966
NAMEUSER950;1967
NAMEUSER951;1968
NAMEUSER952;1969
NAMEUSER953;1970
NAMEUSER954;1971
NAMEUSER955;1972
NAMEUSER956;1973
NAMEUSER957;1974
NAMEUSER958;1975
NAMEUSER959;1976
NAMEUSER960;1977
NAMEUSER961;1978
NAMEUSER962;1979
NAMEUSER963;1980
NAMEUSER964;1981
NAMEUSER965;1982
NAMEUSER966;1983
NAMEUSER967;1984
NAMEUSER968;1985
NAMEUSER969;1986
NAMEUSER970;1987
NAMEUSER971;1988
NAMEUSER972;1989
NAMEUSER973;1990
NAMEUSER974;1991
NAMEUSER975;1992
NAMEUSER976;1993
NAMEUSER977;1994
NAMEUSER978;1995
NAMEUSER979;1996
NAMEUSER980;1997
NAMEUSER981;1998
NAMEUSER982;1999
NAMEUSER983;2000
NAMEUSER984;2001
NAMEUSER985;2002
NAMEUSER986;2003
NAMEUSER987;2004
NAMEUSER988;2005
NAMEUSER989;2006
NAMEUSER990;2007
NAMEUSER991;2008
NAMEUSER992;2009
NAMEUSER993;2010
NAMEUSER994;2011
NAMEUSER995;2012
NAMEUSER996;2013
NAMEUSER997;2014
NAMEUSER998;2015
NAMEUSER999;2016
